{
  "transaction_cost": 0.005,
  "return_stats": {
    "Mean": -0.0001405142292691075,
    "Median": -0.0002108510517585863,
    "Std Dev": 0.005877768394877527,
    "Skewness": 0.023375582631512664,
    "Kurtosis": 3.1066866332821714,
    "Min": -0.01950524582373115,
    "Max": 0.022718016401570604,
    "5% Percentile": -0.009998213687593911,
    "95% Percentile": 0.009188789542132599,
    "Annualized Return": -0.03540958577581509,
    "Annualized Volatility": 0.09330668062128739,
    "Sharpe Ratio": -0.37949678994085445
  },
  "signal_stats": {
    "Mean": {
      "F1": -0.031302053351363705,
      "F2": -0.016314624888154966,
      "F3": 0.0002325569315074366,
      "F4": -0.005739258187987424,
      "F5": 0.016301773189752684,
      "F6": -0.0033319778100321727,
      "F7": -0.04740078536884195,
      "F8": -0.035628689147991326,
      "F9": 0.009507722369644964,
      "F10": -0.04330130420525296
    },
    "Std": {
      "F1": 3.494736132915702,
      "F2": 0.16204227124940604,
      "F3": 0.14685414695280224,
      "F4": 0.08717711719053545,
      "F5": 0.1251890790741505,
      "F6": 1.01817491129445,
      "F7": 0.3277493743428034,
      "F8": 0.1437499306962659,
      "F9": 0.10890244431659014,
      "F10": 0.07233294356786048
    },
    "Skewness": {
      "F1": -5.558858521528351,
      "F2": 3.047374631060243,
      "F3": 5.93126511191771,
      "F4": -1.5795076298613668,
      "F5": 0.4294917000572175,
      "F6": 0.05120762165622363,
      "F7": 0.03580093867136454,
      "F8": 0.29450277537483827,
      "F9": 1.6194230667001486,
      "F10": -2.509676070351317
    },
    "Kurtosis": {
      "F1": 646.6331061538278,
      "F2": 35.31826205806896,
      "F3": 50.67073934296498,
      "F4": 13.998144583518695,
      "F5": 4.4890444258825255,
      "F6": 3.271691431040317,
      "F7": 3.208332030359942,
      "F8": 3.1882727225614773,
      "F9": 10.690217460945693,
      "F10": 25.732742082742888
    },
    "Min": {
      "F1": -98.42295178436812,
      "F2": -0.42447707333036094,
      "F3": -0.10805880191442617,
      "F4": -0.823485767356016,
      "F5": -0.498237370172276,
      "F6": -3.8167988355610483,
      "F7": -0.9008092667338596,
      "F8": -0.39161507557272474,
      "F9": -0.21928352712565108,
      "F10": -0.8497568370920715
    },
    "Max": {
      "F1": 84.17654225761008,
      "F2": 2.035228347976485,
      "F3": 1.924242591221236,
      "F4": 0.22229837710697292,
      "F5": 0.6963911903824079,
      "F6": 3.6233022484172404,
      "F7": 1.2470097510512297,
      "F8": 0.8193214180355934,
      "F9": 0.9309505268345196,
      "F10": 0.3094402894341359
    },
    "25%": {
      "F1": -0.7237421698212677,
      "F2": -0.11653343425974408,
      "F3": -0.04768253405159996,
      "F4": -0.03999670336466845,
      "F5": -0.0668251729991945,
      "F6": -0.6927783736468318,
      "F7": -0.2718977353166293,
      "F8": -0.143784845961198,
      "F9": -0.05336305707485034,
      "F10": -0.09099216749184122
    },
    "75%": {
      "F1": 0.6236581447315608,
      "F2": 0.0797164152252997,
      "F3": -0.0031163764507159755,
      "F4": 0.03526227049845951,
      "F5": 0.09878584218293038,
      "F6": 0.700807542880385,
      "F7": 0.17711767277885546,
      "F8": 0.07532088379914147,
      "F9": 0.0625743901728569,
      "F10": 0.0013931525391856986
    }
  },
  "signal_return_correlations": {
    "F1": 0.015487477149089988,
    "F2": -0.0658859697257679,
    "F3": 0.21266214615971055,
    "F4": -0.005805418659398318,
    "F5": 0.13125814630664634,
    "F6": -0.0060613786584413415,
    "F7": -0.06389159817768793,
    "F8": 0.019040843889498005,
    "F9": 0.23176966168537133,
    "F10": -0.07226666353449908
  }
}