cost_bps,total_return,sharpe_ratio
10.0,0.1484988614247844,2.398302729049345
20.0,0.06657534753586347,1.083343576077532
30.0,-0.009579868861408602,-0.152464375268921
40.0,-0.08036762327005853,-1.2217954325202691
50.0,-0.14616126718297306,-2.0894523100742615
60.0,-0.20730852718312487,-2.7628903811538406
70.0,-0.2641332400085683,-3.2708568006338243
80.0,-0.3169369717426761,-3.646914995384214
90.0,-0.36600052876075395,-3.9213276319326433
100.0,-0.4115853675687132,-4.118567402578937
