cost_bps,total_return,sharpe_ratio
10.0,0.05235732966869544,1.1046614870562053
20.0,-0.01089593938869915,-0.23491794683558767
30.0,-0.07040496446327604,-1.4857839868605442
40.0,-0.1263879634739553,-2.5206874531440575
50.0,-0.17905063614948513,-3.300156364403481
60.0,-0.2285868706602534,-3.8519026472253675
70.0,-0.27517941101121346,-4.227605071569425
80.0,-0.31900048733871567,-4.476284097891019
90.0,-0.36021241113898406,-4.635852685351289
100.0,-0.39896813734703085,-4.733300704269157
