,Equal,Performance,Optimized
Ridge,0.2,0.0871493265406035,0.2
RandomForest,0.2,0.23968491784688187,0.2
XGBoost,0.2,0.23329045655549085,0.2
LightGBM,0.2,0.2284004579430726,0.2
FFNN,0.2,0.21147484111395112,0.2
