Model,Avg_RMSE,Std_RMSE,Avg_Direction_Acc,Avg_IC,Composite_Score,Rank
XGBoost,0.005542881355071238,0.00022489207425898912,0.5680000000000001,0.2794308857721443,0.4377585940382797,1
RandomForest,0.005553036681948971,0.0003902990646428089,0.557,0.2857562439060977,0.44140422332304824,2
LightGBM,0.005776475802676668,0.00042057132521577793,0.542,0.2430162754068852,0.4619557074456543,3
Ridge,0.04198966064755058,0.08010118505609741,0.553,0.2226370659266482,0.5147187778807756,4
