Model,Avg_RMSE,Std_RMSE,Avg_Direction_Acc,Avg_IC,Composite_Score,Rank
RandomForest,0.005692104252750848,0.00036559262242172124,0.5640000000000001,0.25049186229655745,0.44861766408826786,1
Ridge,0.009026108372628398,0.005390698165722532,0.563,0.2091586289657242,0.4658566593160557,2
LightGBM,0.005977872429519257,0.0006123418852716199,0.543,0.21645391134778375,0.46966416740223843,3
XGBoost,0.005956374381731265,0.0005666011772083898,0.5369999999999999,0.19900577514437864,0.4778679620738594,4
